run_id,duration_days,final_vials,waste_vials,waste_cells,waste_vials_equivalent,waste_fraction,had_contamination,terminal_failure,failed_reason,total_media_l,max_passage,failures,violations,daily_metrics
0,7,10,3,3000000.0,3.0,0.23076923076923078,False,False,,0.08,3,[],[],"[{'day': 1, 'total_cells': np.float64(1364641.273225786), 'flask_count': 1, 'avg_confluence': np.float64(0.054585650929031435), 'media_consumed': 65.0, 'run_id': 0}, {'day': 2, 'total_cells': np.float64(2064408.3732244726), 'flask_count': 1, 'avg_confluence': np.float64(0.08257633492897891), 'media_consumed': 65.0, 'run_id': 0}, {'day': 3, 'total_cells': np.float64(3115223.5908703553), 'flask_count': 1, 'avg_confluence': np.float64(0.12460894363481421), 'media_consumed': 65.0, 'run_id': 0}, {'day': 4, 'total_cells': np.float64(4674392.201154713), 'flask_count': 1, 'avg_confluence': np.float64(0.1869756880461885), 'media_consumed': 65.0, 'run_id': 0}, {'day': 5, 'total_cells': np.float64(6925911.120521026), 'flask_count': 1, 'avg_confluence': np.float64(0.27703644482084105), 'media_consumed': 65.0, 'run_id': 0}, {'day': 6, 'total_cells': np.float64(9987000.936116993), 'flask_count': 1, 'avg_confluence': np.float64(0.39948003744467975), 'media_consumed': 65.0, 'run_id': 0}, {'day': 7, 'total_cells': np.float64(13646331.139221), 'flask_count': 1, 'avg_confluence': np.float64(0.54585324556884), 'media_consumed': 65.0, 'run_id': 0}]"
1,7,10,4,4000000.0,4.0,0.2857142857142857,False,False,,0.08,3,[],[],"[{'day': 1, 'total_cells': np.float64(1528822.9292643971), 'flask_count': 1, 'avg_confluence': np.float64(0.06115291717057589), 'media_consumed': 65.0, 'run_id': 1}, {'day': 2, 'total_cells': np.float64(2311637.8089029244), 'flask_count': 1, 'avg_confluence': np.float64(0.09246551235611698), 'media_consumed': 65.0, 'run_id': 1}, {'day': 3, 'total_cells': np.float64(3484374.922295377), 'flask_count': 1, 'avg_confluence': np.float64(0.1393749968918151), 'media_consumed': 65.0, 'run_id': 1}, {'day': 4, 'total_cells': np.float64(5215077.038761516), 'flask_count': 1, 'avg_confluence': np.float64(0.20860308155046065), 'media_consumed': 65.0, 'run_id': 1}, {'day': 5, 'total_cells': np.float64(7684189.096722836), 'flask_count': 1, 'avg_confluence': np.float64(0.30736756386891345), 'media_consumed': 65.0, 'run_id': 1}, {'day': 6, 'total_cells': np.float64(10953521.657484584), 'flask_count': 1, 'avg_confluence': np.float64(0.43814086629938337), 'media_consumed': 65.0, 'run_id': 1}, {'day': 7, 'total_cells': np.float64(14655328.728954533), 'flask_count': 1, 'avg_confluence': np.float64(0.5862131491581813), 'media_consumed': 65.0, 'run_id': 1}]"
2,7,10,2,2000000.0,2.0,0.16666666666666666,False,False,,0.08,3,[],[],"[{'day': 1, 'total_cells': np.float64(1180381.0404744903), 'flask_count': 1, 'avg_confluence': np.float64(0.04721524161897961), 'media_consumed': 65.0, 'run_id': 2}, {'day': 2, 'total_cells': np.float64(1786533.1747833737), 'flask_count': 1, 'avg_confluence': np.float64(0.07146132699133495), 'media_consumed': 65.0, 'run_id': 2}, {'day': 3, 'total_cells': np.float64(2698906.7908806223), 'flask_count': 1, 'avg_confluence': np.float64(0.10795627163522489), 'media_consumed': 65.0, 'run_id': 2}, {'day': 4, 'total_cells': np.float64(4059913.5457669296), 'flask_count': 1, 'avg_confluence': np.float64(0.1623965418306772), 'media_consumed': 65.0, 'run_id': 2}, {'day': 5, 'total_cells': np.float64(6049117.394316408), 'flask_count': 1, 'avg_confluence': np.float64(0.2419646957726563), 'media_consumed': 65.0, 'run_id': 2}, {'day': 6, 'total_cells': np.float64(8826472.177640919), 'flask_count': 1, 'avg_confluence': np.float64(0.35305888710563677), 'media_consumed': 65.0, 'run_id': 2}, {'day': 7, 'total_cells': np.float64(12337490.003297076), 'flask_count': 1, 'avg_confluence': np.float64(0.49349960013188304), 'media_consumed': 65.0, 'run_id': 2}]"
3,7,10,4,4000000.0,4.0,0.2857142857142857,False,False,,0.08,3,[],[],"[{'day': 1, 'total_cells': np.float64(1459472.6436184968), 'flask_count': 1, 'avg_confluence': np.float64(0.058378905744739876), 'media_consumed': 65.0, 'run_id': 3}, {'day': 2, 'total_cells': np.float64(2207253.114360691), 'flask_count': 1, 'avg_confluence': np.float64(0.08829012457442764), 'media_consumed': 65.0, 'run_id': 3}, {'day': 3, 'total_cells': np.float64(3328666.027977823), 'flask_count': 1, 'avg_confluence': np.float64(0.13314664111911292), 'media_consumed': 65.0, 'run_id': 3}, {'day': 4, 'total_cells': np.float64(4987525.103607712), 'flask_count': 1, 'avg_confluence': np.float64(0.1995010041443085), 'media_consumed': 65.0, 'run_id': 3}, {'day': 5, 'total_cells': np.float64(7366661.708915778), 'flask_count': 1, 'avg_confluence': np.float64(0.29466646835663113), 'media_consumed': 65.0, 'run_id': 3}, {'day': 6, 'total_cells': np.float64(10553205.951267602), 'flask_count': 1, 'avg_confluence': np.float64(0.4221282380507041), 'media_consumed': 65.0, 'run_id': 3}, {'day': 7, 'total_cells': np.float64(14246683.452390267), 'flask_count': 1, 'avg_confluence': np.float64(0.5698673380956106), 'media_consumed': 65.0, 'run_id': 3}]"
4,7,10,5,5000000.0,5.0,0.3333333333333333,False,False,,0.08,3,[],[],"[{'day': 1, 'total_cells': np.float64(1624135.393277681), 'flask_count': 1, 'avg_confluence': np.float64(0.06496541573110724), 'media_consumed': 65.0, 'run_id': 4}, {'day': 2, 'total_cells': np.float64(2454986.6540354053), 'flask_count': 1, 'avg_confluence': np.float64(0.09819946616141621), 'media_consumed': 65.0, 'run_id': 4}, {'day': 3, 'total_cells': np.float64(3697819.3401654908), 'flask_count': 1, 'avg_confluence': np.float64(0.14791277360661964), 'media_consumed': 65.0, 'run_id': 4}, {'day': 4, 'total_cells': np.float64(5525725.672805572), 'flask_count': 1, 'avg_confluence': np.float64(0.22102902691222287), 'media_consumed': 65.0, 'run_id': 4}, {'day': 5, 'total_cells': np.float64(8113719.7613104675), 'flask_count': 1, 'avg_confluence': np.float64(0.3245487904524187), 'media_consumed': 65.0, 'run_id': 4}, {'day': 6, 'total_cells': np.float64(11484489.327934094), 'flask_count': 1, 'avg_confluence': np.float64(0.45937957311736377), 'media_consumed': 65.0, 'run_id': 4}, {'day': 7, 'total_cells': np.float64(15176577.308657667), 'flask_count': 1, 'avg_confluence': np.float64(0.6070630923463066), 'media_consumed': 65.0, 'run_id': 4}]"
5,7,10,4,4000000.0,4.0,0.2857142857142857,False,False,,0.08,3,[],[],"[{'day': 1, 'total_cells': np.float64(1519068.4200757244), 'flask_count': 1, 'avg_confluence': np.float64(0.060762736803028974), 'media_consumed': 65.0, 'run_id': 5}, {'day': 2, 'total_cells': np.float64(2296959.625504511), 'flask_count': 1, 'avg_confluence': np.float64(0.09187838502018043), 'media_consumed': 65.0, 'run_id': 5}, {'day': 3, 'total_cells': np.float64(3462493.7400739915), 'flask_count': 1, 'avg_confluence': np.float64(0.13849974960295966), 'media_consumed': 65.0, 'run_id': 5}, {'day': 4, 'total_cells': np.float64(5183146.488905817), 'flask_count': 1, 'avg_confluence': np.float64(0.2073258595562327), 'media_consumed': 65.0, 'run_id': 5}, {'day': 5, 'total_cells': np.float64(7639777.686687654), 'flask_count': 1, 'avg_confluence': np.float64(0.3055911074675062), 'media_consumed': 65.0, 'run_id': 5}, {'day': 6, 'total_cells': np.float64(10897923.416195747), 'flask_count': 1, 'avg_confluence': np.float64(0.4359169366478299), 'media_consumed': 65.0, 'run_id': 5}, {'day': 7, 'total_cells': np.float64(14599370.415319938), 'flask_count': 1, 'avg_confluence': np.float64(0.5839748166127975), 'media_consumed': 65.0, 'run_id': 5}]"
6,7,10,4,4000000.0,4.0,0.2857142857142857,False,False,,0.08,3,[],[],"[{'day': 1, 'total_cells': np.float64(1432068.166858717), 'flask_count': 1, 'avg_confluence': np.float64(0.05728272667434869), 'media_consumed': 65.0, 'run_id': 6}, {'day': 2, 'total_cells': np.float64(2165986.0301296785), 'flask_count': 1, 'avg_confluence': np.float64(0.08663944120518714), 'media_consumed': 65.0, 'run_id': 6}, {'day': 3, 'total_cells': np.float64(3267045.834235398), 'flask_count': 1, 'avg_confluence': np.float64(0.1306818333694159), 'media_consumed': 65.0, 'run_id': 6}, {'day': 4, 'total_cells': np.float64(4897265.159885716), 'flask_count': 1, 'avg_confluence': np.float64(0.19589060639542863), 'media_consumed': 65.0, 'run_id': 6}, {'day': 5, 'total_cells': np.float64(7240059.246095454), 'flask_count': 1, 'avg_confluence': np.float64(0.28960236984381815), 'media_consumed': 65.0, 'run_id': 6}, {'day': 6, 'total_cells': np.float64(10391801.089189569), 'flask_count': 1, 'avg_confluence': np.float64(0.41567204356758275), 'media_consumed': 65.0, 'run_id': 6}, {'day': 7, 'total_cells': np.float64(14078185.750937887), 'flask_count': 1, 'avg_confluence': np.float64(0.5631274300375154), 'media_consumed': 65.0, 'run_id': 6}]"
7,7,10,4,4000000.0,4.0,0.2857142857142857,False,False,,0.08,3,[],[],"[{'day': 1, 'total_cells': np.float64(1447881.9401446928), 'flask_count': 1, 'avg_confluence': np.float64(0.05791527760578771), 'media_consumed': 65.0, 'run_id': 7}, {'day': 2, 'total_cells': np.float64(2189800.4800860896), 'flask_count': 1, 'avg_confluence': np.float64(0.08759201920344359), 'media_consumed': 65.0, 'run_id': 7}, {'day': 3, 'total_cells': np.float64(3302609.9400565033), 'flask_count': 1, 'avg_confluence': np.float64(0.13210439760226014), 'media_consumed': 65.0, 'run_id': 7}, {'day': 4, 'total_cells': np.float64(4949372.886949883), 'flask_count': 1, 'avg_confluence': np.float64(0.1979749154779953), 'media_consumed': 65.0, 'run_id': 7}, {'day': 5, 'total_cells': np.float64(7313192.316313531), 'flask_count': 1, 'avg_confluence': np.float64(0.29252769265254125), 'media_consumed': 65.0, 'run_id': 7}, {'day': 6, 'total_cells': np.float64(10485161.14118154), 'flask_count': 1, 'avg_confluence': np.float64(0.4194064456472616), 'media_consumed': 65.0, 'run_id': 7}, {'day': 7, 'total_cells': np.float64(14175907.816392174), 'flask_count': 1, 'avg_confluence': np.float64(0.567036312655687), 'media_consumed': 65.0, 'run_id': 7}]"
8,7,10,3,3000000.0,3.0,0.23076923076923078,False,False,,0.08,3,[],[],"[{'day': 1, 'total_cells': np.float64(1403176.2354621282), 'flask_count': 1, 'avg_confluence': np.float64(0.05612704941848513), 'media_consumed': 65.0, 'run_id': 8}, {'day': 2, 'total_cells': np.float64(2122468.0900472845), 'flask_count': 1, 'avg_confluence': np.float64(0.08489872360189138), 'media_consumed': 65.0, 'run_id': 8}, {'day': 3, 'total_cells': np.float64(3202027.1882414846), 'flask_count': 1, 'avg_confluence': np.float64(0.12808108752965938), 'media_consumed': 65.0, 'run_id': 8}, {'day': 4, 'total_cells': np.float64(4801902.432925732), 'flask_count': 1, 'avg_confluence': np.float64(0.19207609731702927), 'media_consumed': 65.0, 'run_id': 8}, {'day': 5, 'total_cells': np.float64(7105906.423180049), 'flask_count': 1, 'avg_confluence': np.float64(0.28423625692720195), 'media_consumed': 65.0, 'run_id': 8}, {'day': 6, 'total_cells': np.float64(10219677.966735834), 'flask_count': 1, 'avg_confluence': np.float64(0.40878711866943335), 'media_consumed': 65.0, 'run_id': 8}, {'day': 7, 'total_cells': np.float64(13896167.118742779), 'flask_count': 1, 'avg_confluence': np.float64(0.5558466847497111), 'media_consumed': 65.0, 'run_id': 8}]"
9,7,10,4,4000000.0,4.0,0.2857142857142857,False,False,,0.08,3,[],[],"[{'day': 1, 'total_cells': np.float64(1501850.2883529202), 'flask_count': 1, 'avg_confluence': np.float64(0.06007401153411681), 'media_consumed': 65.0, 'run_id': 9}, {'day': 2, 'total_cells': np.float64(2271047.1738792635), 'flask_count': 1, 'avg_confluence': np.float64(0.09084188695517054), 'media_consumed': 65.0, 'run_id': 9}, {'day': 3, 'total_cells': np.float64(3423854.017273785), 'flask_count': 1, 'avg_confluence': np.float64(0.1369541606909514), 'media_consumed': 65.0, 'run_id': 9}, {'day': 4, 'total_cells': np.float64(5126723.271076378), 'flask_count': 1, 'avg_confluence': np.float64(0.20506893084305514), 'media_consumed': 65.0, 'run_id': 9}, {'day': 5, 'total_cells': np.float64(7561183.614943172), 'flask_count': 1, 'avg_confluence': np.float64(0.3024473445977269), 'media_consumed': 65.0, 'run_id': 9}, {'day': 6, 'total_cells': np.float64(10799217.25894373), 'flask_count': 1, 'avg_confluence': np.float64(0.43196869035774915), 'media_consumed': 65.0, 'run_id': 9}, {'day': 7, 'total_cells': np.float64(14499389.009200541), 'flask_count': 1, 'avg_confluence': np.float64(0.5799755603680217), 'media_consumed': 65.0, 'run_id': 9}]"
10,7,10,5,5000000.0,5.0,0.3333333333333333,False,False,,0.08,3,[],[],"[{'day': 1, 'total_cells': np.float64(1642589.4687924185), 'flask_count': 1, 'avg_confluence': np.float64(0.06570357875169675), 'media_consumed': 65.0, 'run_id': 10}, {'day': 2, 'total_cells': np.float64(2482725.57421241), 'flask_count': 1, 'avg_confluence': np.float64(0.0993090229684964), 'media_consumed': 65.0, 'run_id': 10}, {'day': 3, 'total_cells': np.float64(3739068.5316947573), 'flask_count': 1, 'avg_confluence': np.float64(0.1495627412677903), 'media_consumed': 65.0, 'run_id': 10}, {'day': 4, 'total_cells': np.float64(5585583.3585903905), 'flask_count': 1, 'avg_confluence': np.float64(0.2234233343436156), 'media_consumed': 65.0, 'run_id': 10}, {'day': 5, 'total_cells': np.float64(8195942.435321087), 'flask_count': 1, 'avg_confluence': np.float64(0.32783769741284347), 'media_consumed': 65.0, 'run_id': 10}, {'day': 6, 'total_cells': np.float64(11584706.93550328), 'flask_count': 1, 'avg_confluence': np.float64(0.46338827742013117), 'media_consumed': 65.0, 'run_id': 10}, {'day': 7, 'total_cells': np.float64(15272258.16744208), 'flask_count': 1, 'avg_confluence': np.float64(0.6108903266976832), 'media_consumed': 65.0, 'run_id': 10}]"
11,7,10,5,5000000.0,5.0,0.3333333333333333,False,False,,0.08,3,[],[],"[{'day': 1, 'total_cells': np.float64(1775586.963743672), 'flask_count': 1, 'avg_confluence': np.float64(0.07102347854974687), 'media_consumed': 65.0, 'run_id': 11}, {'day': 2, 'total_cells': np.float64(2682479.151089873), 'flask_count': 1, 'avg_confluence': np.float64(0.10729916604359492), 'media_consumed': 65.0, 'run_id': 11}, {'day': 3, 'total_cells': np.float64(4035572.6756838434), 'flask_count': 1, 'avg_confluence': np.float64(0.16142290702735373), 'media_consumed': 65.0, 'run_id': 11}, {'day': 4, 'total_cells': np.float64(6014082.448113827), 'flask_count': 1, 'avg_confluence': np.float64(0.24056329792455308), 'media_consumed': 65.0, 'run_id': 11}, {'day': 5, 'total_cells': np.float64(8779208.420494953), 'flask_count': 1, 'avg_confluence': np.float64(0.35116833681979814), 'media_consumed': 65.0, 'run_id': 11}, {'day': 6, 'total_cells': np.float64(12282046.915245205), 'flask_count': 1, 'avg_confluence': np.float64(0.4912818766098082), 'media_consumed': 65.0, 'run_id': 11}, {'day': 7, 'total_cells': np.float64(15913795.93579868), 'flask_count': 1, 'avg_confluence': np.float64(0.6365518374319472), 'media_consumed': 65.0, 'run_id': 11}]"
12,7,10,4,4000000.0,4.0,0.2857142857142857,False,False,,0.08,3,[],[],"[{'day': 1, 'total_cells': np.float64(1563415.0301905477), 'flask_count': 1, 'avg_confluence': np.float64(0.0625366012076219), 'media_consumed': 65.0, 'run_id': 12}, {'day': 2, 'total_cells': np.float64(2363679.4742672914), 'flask_count': 1, 'avg_confluence': np.float64(0.09454717897069166), 'media_consumed': 65.0, 'run_id': 12}, {'day': 3, 'total_cells': np.float64(3561917.1053985883), 'flask_count': 1, 'avg_confluence': np.float64(0.14247668421594353), 'media_consumed': 65.0, 'run_id': 12}, {'day': 4, 'total_cells': np.float64(5328107.02362542), 'flask_count': 1, 'avg_confluence': np.float64(0.21312428094501681), 'media_consumed': 65.0, 'run_id': 12}, {'day': 5, 'total_cells': np.float64(7841012.582200769), 'flask_count': 1, 'avg_confluence': np.float64(0.3136405032880308), 'media_consumed': 65.0, 'run_id': 12}, {'day': 6, 'total_cells': np.float64(11148809.492428472), 'flask_count': 1, 'avg_confluence': np.float64(0.4459523796971389), 'media_consumed': 65.0, 'run_id': 12}, {'day': 7, 'total_cells': np.float64(14849822.976366214), 'flask_count': 1, 'avg_confluence': np.float64(0.5939929190546486), 'media_consumed': 65.0, 'run_id': 12}]"
13,7,10,6,6000000.0,6.0,0.375,False,False,,0.08,3,[],[],"[{'day': 1, 'total_cells': np.float64(1816324.4992026559), 'flask_count': 1, 'avg_confluence': np.float64(0.07265297996810624), 'media_consumed': 65.0, 'run_id': 13}, {'day': 2, 'total_cells': np.float64(2743606.2005708134), 'flask_count': 1, 'avg_confluence': np.float64(0.10974424802283253), 'media_consumed': 65.0, 'run_id': 13}, {'day': 3, 'total_cells': np.float64(4126110.21608972), 'flask_count': 1, 'avg_confluence': np.float64(0.1650444086435888), 'media_consumed': 65.0, 'run_id': 13}, {'day': 4, 'total_cells': np.float64(6144285.187995872), 'flask_count': 1, 'avg_confluence': np.float64(0.2457714075198349), 'media_consumed': 65.0, 'run_id': 13}, {'day': 5, 'total_cells': np.float64(8954524.469391897), 'flask_count': 1, 'avg_confluence': np.float64(0.3581809787756759), 'media_consumed': 65.0, 'run_id': 13}, {'day': 6, 'total_cells': np.float64(12486883.594506724), 'flask_count': 1, 'avg_confluence': np.float64(0.499475343780269), 'media_consumed': 65.0, 'run_id': 13}, {'day': 7, 'total_cells': np.float64(16094079.556547629), 'flask_count': 1, 'avg_confluence': np.float64(0.6437631822619051), 'media_consumed': 65.0, 'run_id': 13}]"
14,7,10,5,5000000.0,5.0,0.3333333333333333,False,False,,0.08,3,[],[],"[{'day': 1, 'total_cells': np.float64(1664738.7852009875), 'flask_count': 1, 'avg_confluence': np.float64(0.0665895514080395), 'media_consumed': 65.0, 'run_id': 14}, {'day': 2, 'total_cells': np.float64(2516011.974347963), 'flask_count': 1, 'avg_confluence': np.float64(0.10064047897391852), 'media_consumed': 65.0, 'run_id': 14}, {'day': 3, 'total_cells': np.float64(3788543.5026745284), 'flask_count': 1, 'avg_confluence': np.float64(0.15154174010698113), 'media_consumed': 65.0, 'run_id': 14}, {'day': 4, 'total_cells': np.float64(5657300.171597265), 'flask_count': 1, 'avg_confluence': np.float64(0.2262920068638906), 'media_consumed': 65.0, 'run_id': 14}, {'day': 5, 'total_cells': np.float64(8294219.073492698), 'flask_count': 1, 'avg_confluence': np.float64(0.3317687629397079), 'media_consumed': 65.0, 'run_id': 14}, {'day': 6, 'total_cells': np.float64(11703880.573625863), 'flask_count': 1, 'avg_confluence': np.float64(0.4681552229450345), 'media_consumed': 65.0, 'run_id': 14}, {'day': 7, 'total_cells': np.float64(15384906.999068685), 'flask_count': 1, 'avg_confluence': np.float64(0.6153962799627474), 'media_consumed': 65.0, 'run_id': 14}]"
15,7,10,4,4000000.0,4.0,0.2857142857142857,False,False,,0.08,3,[],[],"[{'day': 1, 'total_cells': np.float64(1576129.7701084642), 'flask_count': 1, 'avg_confluence': np.float64(0.06304519080433857), 'media_consumed': 65.0, 'run_id': 15}, {'day': 2, 'total_cells': np.float64(2382803.603395276), 'flask_count': 1, 'avg_confluence': np.float64(0.09531214413581103), 'media_consumed': 65.0, 'run_id': 15}, {'day': 3, 'total_cells': np.float64(3590397.101524742), 'flask_count': 1, 'avg_confluence': np.float64(0.14361588406098968), 'media_consumed': 65.0, 'run_id': 15}, {'day': 4, 'total_cells': np.float64(5369571.596154969), 'flask_count': 1, 'avg_confluence': np.float64(0.21478286384619877), 'media_consumed': 65.0, 'run_id': 15}, {'day': 5, 'total_cells': np.float64(7898389.64389574), 'flask_count': 1, 'avg_confluence': np.float64(0.3159355857558296), 'media_consumed': 65.0, 'run_id': 15}, {'day': 6, 'total_cells': np.float64(11219851.702350812), 'flask_count': 1, 'avg_confluence': np.float64(0.4487940680940325), 'media_consumed': 65.0, 'run_id': 15}, {'day': 7, 'total_cells': np.float64(14919777.275598016), 'flask_count': 1, 'avg_confluence': np.float64(0.5967910910239206), 'media_consumed': 65.0, 'run_id': 15}]"
16,7,10,4,4000000.0,4.0,0.2857142857142857,False,False,,0.08,3,[],[],"[{'day': 1, 'total_cells': np.float64(1583812.5211171126), 'flask_count': 1, 'avg_confluence': np.float64(0.06335250084468451), 'media_consumed': 65.0, 'run_id': 16}, {'day': 2, 'total_cells': np.float64(2394358.000523661), 'flask_count': 1, 'avg_confluence': np.float64(0.09577432002094644), 'media_consumed': 65.0, 'run_id': 16}, {'day': 3, 'total_cells': np.float64(3607600.166966052), 'flask_count': 1, 'avg_confluence': np.float64(0.14430400667864207), 'media_consumed': 65.0, 'run_id': 16}, {'day': 4, 'total_cells': np.float64(5394604.837194376), 'flask_count': 1, 'avg_confluence': np.float64(0.21578419348777503), 'media_consumed': 65.0, 'run_id': 16}, {'day': 5, 'total_cells': np.float64(7932989.51403007), 'flask_count': 1, 'avg_confluence': np.float64(0.3173195805612028), 'media_consumed': 65.0, 'run_id': 16}, {'day': 6, 'total_cells': np.float64(11262585.537984505), 'flask_count': 1, 'avg_confluence': np.float64(0.4505034215193802), 'media_consumed': 65.0, 'run_id': 16}, {'day': 7, 'total_cells': np.float64(14961650.274278587), 'flask_count': 1, 'avg_confluence': np.float64(0.5984660109711435), 'media_consumed': 65.0, 'run_id': 16}]"
17,7,10,3,3000000.0,3.0,0.23076923076923078,False,False,,0.08,3,[],[],"[{'day': 1, 'total_cells': np.float64(1289144.6576173052), 'flask_count': 1, 'avg_confluence': np.float64(0.051565786304692204), 'media_consumed': 65.0, 'run_id': 17}, {'day': 2, 'total_cells': np.float64(1950604.5399629811), 'flask_count': 1, 'avg_confluence': np.float64(0.07802418159851925), 'media_consumed': 65.0, 'run_id': 17}, {'day': 3, 'total_cells': np.float64(2944890.5843526325), 'flask_count': 1, 'avg_confluence': np.float64(0.1177956233741053), 'media_consumed': 65.0, 'run_id': 17}, {'day': 4, 'total_cells': np.float64(4423552.549689214), 'flask_count': 1, 'avg_confluence': np.float64(0.17694210198756855), 'media_consumed': 65.0, 'run_id': 17}, {'day': 5, 'total_cells': np.float64(6569819.507707989), 'flask_count': 1, 'avg_confluence': np.float64(0.26279278030831954), 'media_consumed': 65.0, 'run_id': 17}, {'day': 6, 'total_cells': np.float64(9520979.108084308), 'flask_count': 1, 'avg_confluence': np.float64(0.38083916432337234), 'media_consumed': 65.0, 'run_id': 17}, {'day': 7, 'total_cells': np.float64(13133107.161621977), 'flask_count': 1, 'avg_confluence': np.float64(0.525324286464879), 'media_consumed': 65.0, 'run_id': 17}]"
18,7,10,4,4000000.0,4.0,0.2857142857142857,False,False,,0.08,3,[],[],"[{'day': 1, 'total_cells': np.float64(1485418.7712618385), 'flask_count': 1, 'avg_confluence': np.float64(0.05941675085047354), 'media_consumed': 65.0, 'run_id': 18}, {'day': 2, 'total_cells': np.float64(2246314.627782524), 'flask_count': 1, 'avg_confluence': np.float64(0.08985258511130097), 'media_consumed': 65.0, 'run_id': 18}, {'day': 3, 'total_cells': np.float64(3386960.3960428736), 'flask_count': 1, 'avg_confluence': np.float64(0.13547841584171494), 'media_consumed': 65.0, 'run_id': 18}, {'day': 4, 'total_cells': np.float64(5072805.57091539), 'flask_count': 1, 'avg_confluence': np.float64(0.20291222283661559), 'media_consumed': 65.0, 'run_id': 18}, {'day': 5, 'total_cells': np.float64(7485941.799113655), 'flask_count': 1, 'avg_confluence': np.float64(0.29943767196454624), 'media_consumed': 65.0, 'run_id': 18}, {'day': 6, 'total_cells': np.float64(10704346.707964301), 'flask_count': 1, 'avg_confluence': np.float64(0.42817386831857207), 'media_consumed': 65.0, 'run_id': 18}, {'day': 7, 'total_cells': np.float64(14402529.295021132), 'flask_count': 1, 'avg_confluence': np.float64(0.5761011718008453), 'media_consumed': 65.0, 'run_id': 18}]"
19,7,10,4,4000000.0,4.0,0.2857142857142857,False,False,,0.08,3,[],[],"[{'day': 1, 'total_cells': np.float64(1464771.3444343875), 'flask_count': 1, 'avg_confluence': np.float64(0.0585908537773755), 'media_consumed': 65.0, 'run_id': 19}, {'day': 2, 'total_cells': np.float64(2215230.987920384), 'flask_count': 1, 'avg_confluence': np.float64(0.08860923951681536), 'media_consumed': 65.0, 'run_id': 19}, {'day': 3, 'total_cells': np.float64(3340574.579104524), 'flask_count': 1, 'avg_confluence': np.float64(0.13362298316418098), 'media_consumed': 65.0, 'run_id': 19}, {'day': 4, 'total_cells': np.float64(5004955.0423657), 'flask_count': 1, 'avg_confluence': np.float64(0.20019820169462801), 'media_consumed': 65.0, 'run_id': 19}, {'day': 5, 'total_cells': np.float64(7391067.489837917), 'flask_count': 1, 'avg_confluence': np.float64(0.2956426995935167), 'media_consumed': 65.0, 'run_id': 19}, {'day': 6, 'total_cells': np.float64(10584204.448341893), 'flask_count': 1, 'avg_confluence': np.float64(0.4233681779336757), 'media_consumed': 65.0, 'run_id': 19}, {'day': 7, 'total_cells': np.float64(14278800.193180777), 'flask_count': 1, 'avg_confluence': np.float64(0.5711520077272311), 'media_consumed': 65.0, 'run_id': 19}]"
20,7,10,4,4000000.0,4.0,0.2857142857142857,False,False,,0.08,3,[],[],"[{'day': 1, 'total_cells': np.float64(1584207.9471846283), 'flask_count': 1, 'avg_confluence': np.float64(0.06336831788738513), 'media_consumed': 65.0, 'run_id': 20}, {'day': 2, 'total_cells': np.float64(2394952.673854553), 'flask_count': 1, 'avg_confluence': np.float64(0.09579810695418213), 'media_consumed': 65.0, 'run_id': 20}, {'day': 3, 'total_cells': np.float64(3608485.4810071695), 'flask_count': 1, 'avg_confluence': np.float64(0.1443394192402868), 'media_consumed': 65.0, 'run_id': 20}, {'day': 4, 'total_cells': np.float64(5395892.845587566), 'flask_count': 1, 'avg_confluence': np.float64(0.2158357138235026), 'media_consumed': 65.0, 'run_id': 20}, {'day': 5, 'total_cells': np.float64(7934768.92301299), 'flask_count': 1, 'avg_confluence': np.float64(0.3173907569205196), 'media_consumed': 65.0, 'run_id': 20}, {'day': 6, 'total_cells': np.float64(11264781.0896109), 'flask_count': 1, 'avg_confluence': np.float64(0.45059124358443603), 'media_consumed': 65.0, 'run_id': 20}, {'day': 7, 'total_cells': np.float64(14963797.4023381), 'flask_count': 1, 'avg_confluence': np.float64(0.598551896093524), 'media_consumed': 65.0, 'run_id': 20}]"
21,7,10,2,2000000.0,2.0,0.16666666666666666,False,False,,0.08,3,[],[],"[{'day': 1, 'total_cells': np.float64(1160852.9364545238), 'flask_count': 1, 'avg_confluence': np.float64(0.046434117458180955), 'media_consumed': 65.0, 'run_id': 21}, {'day': 2, 'total_cells': np.float64(1757060.4728777518), 'flask_count': 1, 'avg_confluence': np.float64(0.07028241891511007), 'media_consumed': 65.0, 'run_id': 21}, {'day': 3, 'total_cells': np.float64(2654670.7754561463), 'flask_count': 1, 'avg_confluence': np.float64(0.10618683101824586), 'media_consumed': 65.0, 'run_id': 21}, {'day': 4, 'total_cells': np.float64(3994353.55828967), 'flask_count': 1, 'avg_confluence': np.float64(0.1597741423315868), 'media_consumed': 65.0, 'run_id': 21}, {'day': 5, 'total_cells': np.float64(5954703.801260495), 'flask_count': 1, 'avg_confluence': np.float64(0.2381881520504198), 'media_consumed': 65.0, 'run_id': 21}, {'day': 6, 'total_cells': np.float64(8698954.397083737), 'flask_count': 1, 'avg_confluence': np.float64(0.3479581758833495), 'media_consumed': 65.0, 'run_id': 21}, {'day': 7, 'total_cells': np.float64(12187533.58971304), 'flask_count': 1, 'avg_confluence': np.float64(0.48750134358852165), 'media_consumed': 65.0, 'run_id': 21}]"
22,7,10,3,3000000.0,3.0,0.23076923076923078,False,False,,0.08,3,[],[],"[{'day': 1, 'total_cells': np.float64(1306780.3237296322), 'flask_count': 1, 'avg_confluence': np.float64(0.05227121294918529), 'media_consumed': 65.0, 'run_id': 22}, {'day': 2, 'total_cells': np.float64(1977194.9476840866), 'flask_count': 1, 'avg_confluence': np.float64(0.07908779790736346), 'media_consumed': 65.0, 'run_id': 22}, {'day': 3, 'total_cells': np.float64(2984710.8522360036), 'flask_count': 1, 'avg_confluence': np.float64(0.11938843408944015), 'media_consumed': 65.0, 'run_id': 22}, {'day': 4, 'total_cells': np.float64(4482266.493629952), 'flask_count': 1, 'avg_confluence': np.float64(0.1792906597451981), 'media_consumed': 65.0, 'run_id': 22}, {'day': 5, 'total_cells': np.float64(6653402.706999014), 'flask_count': 1, 'avg_confluence': np.float64(0.2661361082799606), 'media_consumed': 65.0, 'run_id': 22}, {'day': 6, 'total_cells': np.float64(9631034.068649348), 'flask_count': 1, 'avg_confluence': np.float64(0.3852413627459739), 'media_consumed': 65.0, 'run_id': 22}, {'day': 7, 'total_cells': np.float64(13255833.488007642), 'flask_count': 1, 'avg_confluence': np.float64(0.5302333395203057), 'media_consumed': 65.0, 'run_id': 22}]"
23,7,10,4,4000000.0,4.0,0.2857142857142857,False,False,,0.08,3,[],[],"[{'day': 1, 'total_cells': np.float64(1498340.027847531), 'flask_count': 1, 'avg_confluence': np.float64(0.05993360111390124), 'media_consumed': 65.0, 'run_id': 23}, {'day': 2, 'total_cells': np.float64(2265763.8862030692), 'flask_count': 1, 'avg_confluence': np.float64(0.09063055544812278), 'media_consumed': 65.0, 'run_id': 23}, {'day': 3, 'total_cells': np.float64(3415974.008217742), 'flask_count': 1, 'avg_confluence': np.float64(0.13663896032870967), 'media_consumed': 65.0, 'run_id': 23}, {'day': 4, 'total_cells': np.float64(5115210.746042156), 'flask_count': 1, 'avg_confluence': np.float64(0.20460842984168623), 'media_consumed': 65.0, 'run_id': 23}, {'day': 5, 'total_cells': np.float64(7545129.218022357), 'flask_count': 1, 'avg_confluence': np.float64(0.30180516872089425), 'media_consumed': 65.0, 'run_id': 23}, {'day': 6, 'total_cells': np.float64(10779005.30583407), 'flask_count': 1, 'avg_confluence': np.float64(0.4311602122333628), 'media_consumed': 65.0, 'run_id': 23}, {'day': 7, 'total_cells': np.float64(14478815.868275337), 'flask_count': 1, 'avg_confluence': np.float64(0.5791526347310135), 'media_consumed': 65.0, 'run_id': 23}]"
24,7,10,4,4000000.0,4.0,0.2857142857142857,False,False,,0.08,3,[],[],"[{'day': 1, 'total_cells': np.float64(1536266.1650784956), 'flask_count': 1, 'avg_confluence': np.float64(0.06145064660313983), 'media_consumed': 65.0, 'run_id': 24}, {'day': 2, 'total_cells': np.float64(2322837.16236422), 'flask_count': 1, 'avg_confluence': np.float64(0.09291348649456879), 'media_consumed': 65.0, 'run_id': 24}, {'day': 3, 'total_cells': np.float64(3501066.977997099), 'flask_count': 1, 'avg_confluence': np.float64(0.14004267911988397), 'media_consumed': 65.0, 'run_id': 24}, {'day': 4, 'total_cells': np.float64(5239424.872167891), 'flask_count': 1, 'avg_confluence': np.float64(0.20957699488671563), 'media_consumed': 65.0, 'run_id': 24}, {'day': 5, 'total_cells': np.float64(7718021.685131383), 'flask_count': 1, 'avg_confluence': np.float64(0.30872086740525534), 'media_consumed': 65.0, 'run_id': 24}, {'day': 6, 'total_cells': np.float64(10995789.657646475), 'flask_count': 1, 'avg_confluence': np.float64(0.439831586305859), 'media_consumed': 65.0, 'run_id': 24}, {'day': 7, 'total_cells': np.float64(14697697.142411124), 'flask_count': 1, 'avg_confluence': np.float64(0.5879078856964449), 'media_consumed': 65.0, 'run_id': 24}]"
25,7,10,5,5000000.0,5.0,0.3333333333333333,False,False,,0.08,3,[],[],"[{'day': 1, 'total_cells': np.float64(1744747.46759074), 'flask_count': 1, 'avg_confluence': np.float64(0.0697898987036296), 'media_consumed': 65.0, 'run_id': 25}, {'day': 2, 'total_cells': np.float64(2636185.7383217243), 'flask_count': 1, 'avg_confluence': np.float64(0.10544742953286898), 'media_consumed': 65.0, 'run_id': 25}, {'day': 3, 'total_cells': np.float64(3966943.388881386), 'flask_count': 1, 'avg_confluence': np.float64(0.15867773555525544), 'media_consumed': 65.0, 'run_id': 25}, {'day': 4, 'total_cells': np.float64(5915183.193395906), 'flask_count': 1, 'avg_confluence': np.float64(0.23660732773583623), 'media_consumed': 65.0, 'run_id': 25}, {'day': 5, 'total_cells': np.float64(8645436.231641406), 'flask_count': 1, 'avg_confluence': np.float64(0.3458174492656563), 'media_consumed': 65.0, 'run_id': 25}, {'day': 6, 'total_cells': np.float64(12124248.396837646), 'flask_count': 1, 'avg_confluence': np.float64(0.48496993587350584), 'media_consumed': 65.0, 'run_id': 25}, {'day': 7, 'total_cells': np.float64(15772367.336329233), 'flask_count': 1, 'avg_confluence': np.float64(0.6308946934531693), 'media_consumed': 65.0, 'run_id': 25}]"
26,7,10,3,3000000.0,3.0,0.23076923076923078,False,False,,0.08,3,[],[],"[{'day': 1, 'total_cells': np.float64(1395594.1728741557), 'flask_count': 1, 'avg_confluence': np.float64(0.055823766914966225), 'media_consumed': 65.0, 'run_id': 26}, {'day': 2, 'total_cells': np.float64(2111045.9102464556), 'flask_count': 1, 'avg_confluence': np.float64(0.08444183640985822), 'media_consumed': 65.0, 'run_id': 26}, {'day': 3, 'total_cells': np.float64(3184955.4262539167), 'flask_count': 1, 'avg_confluence': np.float64(0.12739821705015666), 'media_consumed': 65.0, 'run_id': 26}, {'day': 4, 'total_cells': np.float64(4776842.369873779), 'flask_count': 1, 'avg_confluence': np.float64(0.19107369479495115), 'media_consumed': 65.0, 'run_id': 26}, {'day': 5, 'total_cells': np.float64(7070586.7221622765), 'flask_count': 1, 'avg_confluence': np.float64(0.28282346888649107), 'media_consumed': 65.0, 'run_id': 26}, {'day': 6, 'total_cells': np.float64(10174176.63311483), 'flask_count': 1, 'avg_confluence': np.float64(0.4069670653245932), 'media_consumed': 65.0, 'run_id': 26}, {'day': 7, 'total_cells': np.float64(13847650.717143023), 'flask_count': 1, 'avg_confluence': np.float64(0.5539060286857209), 'media_consumed': 65.0, 'run_id': 26}]"
27,7,10,5,5000000.0,5.0,0.3333333333333333,False,False,,0.08,3,[],[],"[{'day': 1, 'total_cells': np.float64(1594966.7369806753), 'flask_count': 1, 'avg_confluence': np.float64(0.06379866947922701), 'media_consumed': 65.0, 'run_id': 27}, {'day': 2, 'total_cells': np.float64(2411131.7051648377), 'flask_count': 1, 'avg_confluence': np.float64(0.0964452682065935), 'media_consumed': 65.0, 'run_id': 27}, {'day': 3, 'total_cells': np.float64(3632568.8050355366), 'flask_count': 1, 'avg_confluence': np.float64(0.14530275220142147), 'media_consumed': 65.0, 'run_id': 27}, {'day': 4, 'total_cells': np.float64(5430920.671548771), 'flask_count': 1, 'avg_confluence': np.float64(0.21723682686195084), 'media_consumed': 65.0, 'run_id': 27}, {'day': 5, 'total_cells': np.float64(7983129.649274049), 'flask_count': 1, 'avg_confluence': np.float64(0.319325185970962), 'media_consumed': 65.0, 'run_id': 27}, {'day': 6, 'total_cells': np.float64(11324370.123134138), 'flask_count': 1, 'avg_confluence': np.float64(0.4529748049253655), 'media_consumed': 65.0, 'run_id': 27}, {'day': 7, 'total_cells': np.float64(15021915.311038332), 'flask_count': 1, 'avg_confluence': np.float64(0.6008766124415332), 'media_consumed': 65.0, 'run_id': 27}]"
28,7,10,4,4000000.0,4.0,0.2857142857142857,False,False,,0.08,3,[],[],"[{'day': 1, 'total_cells': np.float64(1525896.7163285862), 'flask_count': 1, 'avg_confluence': np.float64(0.06103586865314345), 'media_consumed': 65.0, 'run_id': 28}, {'day': 2, 'total_cells': np.float64(2307234.707722905), 'flask_count': 1, 'avg_confluence': np.float64(0.0922893883089162), 'media_consumed': 65.0, 'run_id': 28}, {'day': 3, 'total_cells': np.float64(3477811.5836706897), 'flask_count': 1, 'avg_confluence': np.float64(0.1391124633468276), 'media_consumed': 65.0, 'run_id': 28}, {'day': 4, 'total_cells': np.float64(5205500.973883377), 'flask_count': 1, 'avg_confluence': np.float64(0.20822003895533508), 'media_consumed': 65.0, 'run_id': 28}, {'day': 5, 'total_cells': np.float64(7670875.007549312), 'flask_count': 1, 'avg_confluence': np.float64(0.30683500030197247), 'media_consumed': 65.0, 'run_id': 28}, {'day': 6, 'total_cells': np.float64(10936867.409909146), 'flask_count': 1, 'avg_confluence': np.float64(0.4374746963963658), 'media_consumed': 65.0, 'run_id': 28}, {'day': 7, 'total_cells': np.float64(14638593.771528397), 'flask_count': 1, 'avg_confluence': np.float64(0.5855437508611359), 'media_consumed': 65.0, 'run_id': 28}]"
29,7,10,3,3000000.0,3.0,0.23076923076923078,False,False,,0.08,3,[],[],"[{'day': 1, 'total_cells': np.float64(1355352.460759487), 'flask_count': 1, 'avg_confluence': np.float64(0.05421409843037948), 'media_consumed': 65.0, 'run_id': 29}, {'day': 2, 'total_cells': np.float64(2050410.2619710807), 'flask_count': 1, 'avg_confluence': np.float64(0.08201641047884323), 'media_consumed': 65.0, 'run_id': 29}, {'day': 3, 'total_cells': np.float64(3094285.5321400124), 'flask_count': 1, 'avg_confluence': np.float64(0.1237714212856005), 'media_consumed': 65.0, 'run_id': 29}, {'day': 4, 'total_cells': np.float64(4643602.326176346), 'flask_count': 1, 'avg_confluence': np.float64(0.18574409304705386), 'media_consumed': 65.0, 'run_id': 29}, {'day': 5, 'total_cells': np.float64(6882343.3250394855), 'flask_count': 1, 'avg_confluence': np.float64(0.27529373300157944), 'media_consumed': 65.0, 'run_id': 29}, {'day': 6, 'total_cells': np.float64(9930386.625356784), 'flask_count': 1, 'avg_confluence': np.float64(0.39721546501427135), 'media_consumed': 65.0, 'run_id': 29}, {'day': 7, 'total_cells': np.float64(13584890.39225089), 'flask_count': 1, 'avg_confluence': np.float64(0.5433956156900356), 'media_consumed': 65.0, 'run_id': 29}]"
30,7,10,5,5000000.0,5.0,0.3333333333333333,False,False,,0.08,3,[],[],"[{'day': 1, 'total_cells': np.float64(1601859.1286197533), 'flask_count': 1, 'avg_confluence': np.float64(0.06407436514479013), 'media_consumed': 65.0, 'run_id': 30}, {'day': 2, 'total_cells': np.float64(2421495.547529975), 'flask_count': 1, 'avg_confluence': np.float64(0.096859821901199), 'media_consumed': 65.0, 'run_id': 30}, {'day': 3, 'total_cells': np.float64(3647992.81798768), 'flask_count': 1, 'avg_confluence': np.float64(0.1459197127195072), 'media_consumed': 65.0, 'run_id': 30}, {'day': 4, 'total_cells': np.float64(5453343.801356877), 'flask_count': 1, 'avg_confluence': np.float64(0.2181337520542751), 'media_consumed': 65.0, 'run_id': 30}, {'day': 5, 'total_cells': np.float64(8014056.460551011), 'flask_count': 1, 'avg_confluence': np.float64(0.32056225842204045), 'media_consumed': 65.0, 'run_id': 30}, {'day': 6, 'total_cells': np.float64(11362394.724552618), 'flask_count': 1, 'avg_confluence': np.float64(0.45449578898210474), 'media_consumed': 65.0, 'run_id': 30}, {'day': 7, 'total_cells': np.float64(15058842.765281593), 'flask_count': 1, 'avg_confluence': np.float64(0.6023537106112637), 'media_consumed': 65.0, 'run_id': 30}]"
31,7,10,4,4000000.0,4.0,0.2857142857142857,False,False,,0.08,3,[],[],"[{'day': 1, 'total_cells': np.float64(1548233.5450022507), 'flask_count': 1, 'avg_confluence': np.float64(0.06192934180009003), 'media_consumed': 65.0, 'run_id': 31}, {'day': 2, 'total_cells': np.float64(2340842.01968076), 'flask_count': 1, 'avg_confluence': np.float64(0.09363368078723039), 'media_consumed': 65.0, 'run_id': 31}, {'day': 3, 'total_cells': np.float64(3527896.5582197323), 'flask_count': 1, 'avg_confluence': np.float64(0.14111586232878928), 'media_consumed': 65.0, 'run_id': 31}, {'day': 4, 'total_cells': np.float64(5278540.84720359), 'flask_count': 1, 'avg_confluence': np.float64(0.2111416338881436), 'media_consumed': 65.0, 'run_id': 31}, {'day': 5, 'total_cells': np.float64(7772316.704535283), 'flask_count': 1, 'avg_confluence': np.float64(0.3108926681814113), 'media_consumed': 65.0, 'run_id': 31}, {'day': 6, 'total_cells': np.float64(11063464.5018452), 'flask_count': 1, 'avg_confluence': np.float64(0.442538580073808), 'media_consumed': 65.0, 'run_id': 31}, {'day': 7, 'total_cells': np.float64(14765220.10857838), 'flask_count': 1, 'avg_confluence': np.float64(0.5906088043431352), 'media_consumed': 65.0, 'run_id': 31}]"
32,4,0,0,0.0,0.0,0.0,True,True,fungal contamination detected,0.065,3,['TERMINAL: fungal contamination detected in Flask_WCB_Start'],[],"[{'day': 1, 'total_cells': np.float64(1386622.5002857316), 'flask_count': 1, 'avg_confluence': np.float64(0.055464900011429265), 'media_consumed': 65.0, 'run_id': 32}, {'day': 2, 'total_cells': np.float64(2097529.3428930542), 'flask_count': 1, 'avg_confluence': np.float64(0.08390117371572217), 'media_consumed': 65.0, 'run_id': 32}, {'day': 3, 'total_cells': np.float64(3164750.023766045), 'flask_count': 1, 'avg_confluence': np.float64(0.1265900009506418), 'media_consumed': 65.0, 'run_id': 32}, {'day': 4, 'total_cells': np.float64(4747171.218117557), 'flask_count': 1, 'avg_confluence': np.float64(0.18988684872470227), 'media_consumed': 65.0, 'run_id': 32}]"
33,7,10,4,4000000.0,4.0,0.2857142857142857,False,False,,0.08,3,[],[],"[{'day': 1, 'total_cells': np.float64(1576108.6139824), 'flask_count': 1, 'avg_confluence': np.float64(0.063044344559296), 'media_consumed': 65.0, 'run_id': 33}, {'day': 2, 'total_cells': np.float64(2382771.784638238), 'flask_count': 1, 'avg_confluence': np.float64(0.09531087138552953), 'media_consumed': 65.0, 'run_id': 33}, {'day': 3, 'total_cells': np.float64(3590349.723219791), 'flask_count': 1, 'avg_confluence': np.float64(0.14361398892879162), 'media_consumed': 65.0, 'run_id': 33}, {'day': 4, 'total_cells': np.float64(5369502.639475837), 'flask_count': 1, 'avg_confluence': np.float64(0.2147801055790335), 'media_consumed': 65.0, 'run_id': 33}, {'day': 5, 'total_cells': np.float64(7898294.293086158), 'flask_count': 1, 'avg_confluence': np.float64(0.31593177172344633), 'media_consumed': 65.0, 'run_id': 33}, {'day': 6, 'total_cells': np.float64(11219733.82494902), 'flask_count': 1, 'avg_confluence': np.float64(0.4487893529979608), 'media_consumed': 65.0, 'run_id': 33}, {'day': 7, 'total_cells': np.float64(14919661.55802899), 'flask_count': 1, 'avg_confluence': np.float64(0.5967864623211596), 'media_consumed': 65.0, 'run_id': 33}]"
34,7,10,5,5000000.0,5.0,0.3333333333333333,False,False,,0.08,3,[],[],"[{'day': 1, 'total_cells': np.float64(1701927.5805929955), 'flask_count': 1, 'avg_confluence': np.float64(0.06807710322371982), 'media_consumed': 65.0, 'run_id': 34}, {'day': 2, 'total_cells': np.float64(2571882.6439322433), 'flask_count': 1, 'avg_confluence': np.float64(0.10287530575728973), 'media_consumed': 65.0, 'run_id': 34}, {'day': 3, 'total_cells': np.float64(3871527.6423404436), 'flask_count': 1, 'avg_confluence': np.float64(0.15486110569361775), 'media_consumed': 65.0, 'run_id': 34}, {'day': 4, 'total_cells': np.float64(5777397.877220682), 'flask_count': 1, 'avg_confluence': np.float64(0.23109591508882726), 'media_consumed': 65.0, 'run_id': 34}, {'day': 5, 'total_cells': np.float64(8458209.907079708), 'flask_count': 1, 'avg_confluence': np.float64(0.33832839628318834), 'media_consumed': 65.0, 'run_id': 34}, {'day': 6, 'total_cells': np.float64(11901243.300013248), 'flask_count': 1, 'avg_confluence': np.float64(0.4760497320005299), 'media_consumed': 65.0, 'run_id': 34}, {'day': 7, 'total_cells': np.float64(15568747.759579746), 'flask_count': 1, 'avg_confluence': np.float64(0.6227499103831898), 'media_consumed': 65.0, 'run_id': 34}]"
35,7,10,3,3000000.0,3.0,0.23076923076923078,False,False,,0.08,3,[],[],"[{'day': 1, 'total_cells': np.float64(1402354.7288414456), 'flask_count': 1, 'avg_confluence': np.float64(0.056094189153657825), 'media_consumed': 65.0, 'run_id': 35}, {'day': 2, 'total_cells': np.float64(2121230.5483660293), 'flask_count': 1, 'avg_confluence': np.float64(0.08484922193464117), 'media_consumed': 65.0, 'run_id': 35}, {'day': 3, 'total_cells': np.float64(3200177.665047751), 'flask_count': 1, 'avg_confluence': np.float64(0.12800710660191003), 'media_consumed': 65.0, 'run_id': 35}, {'day': 4, 'total_cells': np.float64(4799187.8898284575), 'flask_count': 1, 'avg_confluence': np.float64(0.1919675155931383), 'media_consumed': 65.0, 'run_id': 35}, {'day': 5, 'total_cells': np.float64(7102081.861538468), 'flask_count': 1, 'avg_confluence': np.float64(0.2840832744615387), 'media_consumed': 65.0, 'run_id': 35}, {'day': 6, 'total_cells': np.float64(10214754.596023018), 'flask_count': 1, 'avg_confluence': np.float64(0.4085901838409207), 'media_consumed': 65.0, 'run_id': 35}, {'day': 7, 'total_cells': np.float64(13890925.533481251), 'flask_count': 1, 'avg_confluence': np.float64(0.5556370213392501), 'media_consumed': 65.0, 'run_id': 35}]"
36,7,10,3,3000000.0,3.0,0.23076923076923078,False,False,,0.08,3,[],[],"[{'day': 1, 'total_cells': np.float64(1314434.8611650097), 'flask_count': 1, 'avg_confluence': np.float64(0.05257739444660039), 'media_consumed': 65.0, 'run_id': 36}, {'day': 2, 'total_cells': np.float64(1988734.987816533), 'flask_count': 1, 'avg_confluence': np.float64(0.07954939951266132), 'media_consumed': 65.0, 'run_id': 36}, {'day': 3, 'total_cells': np.float64(3001988.478519879), 'flask_count': 1, 'avg_confluence': np.float64(0.12007953914079515), 'media_consumed': 65.0, 'run_id': 36}, {'day': 4, 'total_cells': np.float64(4507728.228105114), 'flask_count': 1, 'avg_confluence': np.float64(0.18030912912420455), 'media_consumed': 65.0, 'run_id': 36}, {'day': 5, 'total_cells': np.float64(6689605.418557052), 'flask_count': 1, 'avg_confluence': np.float64(0.26758421674228206), 'media_consumed': 65.0, 'run_id': 36}, {'day': 6, 'total_cells': np.float64(9678576.572736517), 'flask_count': 1, 'avg_confluence': np.float64(0.38714306290946066), 'media_consumed': 65.0, 'run_id': 36}, {'day': 7, 'total_cells': np.float64(13308560.423382811), 'flask_count': 1, 'avg_confluence': np.float64(0.5323424169353125), 'media_consumed': 65.0, 'run_id': 36}]"
37,7,10,4,4000000.0,4.0,0.2857142857142857,False,False,,0.08,3,[],[],"[{'day': 1, 'total_cells': np.float64(1566302.4296670917), 'flask_count': 1, 'avg_confluence': np.float64(0.06265209718668367), 'media_consumed': 65.0, 'run_id': 37}, {'day': 2, 'total_cells': np.float64(2368022.5961095407), 'flask_count': 1, 'avg_confluence': np.float64(0.09472090384438163), 'media_consumed': 65.0, 'run_id': 37}, {'day': 3, 'total_cells': np.float64(3568385.6731188595), 'flask_count': 1, 'avg_confluence': np.float64(0.14273542692475438), 'media_consumed': 65.0, 'run_id': 37}, {'day': 4, 'total_cells': np.float64(5337527.088226266), 'flask_count': 1, 'avg_confluence': np.float64(0.21350108352905064), 'media_consumed': 65.0, 'run_id': 37}, {'day': 5, 'total_cells': np.float64(7854054.959180831), 'flask_count': 1, 'avg_confluence': np.float64(0.31416219836723325), 'media_consumed': 65.0, 'run_id': 37}, {'day': 6, 'total_cells': np.float64(11164977.389615975), 'flask_count': 1, 'avg_confluence': np.float64(0.446599095584639), 'media_consumed': 65.0, 'run_id': 37}, {'day': 7, 'total_cells': np.float64(14865780.892924597), 'flask_count': 1, 'avg_confluence': np.float64(0.594631235716984), 'media_consumed': 65.0, 'run_id': 37}]"
38,7,10,3,3000000.0,3.0,0.23076923076923078,False,False,,0.08,3,[],[],"[{'day': 1, 'total_cells': np.float64(1323202.594270515), 'flask_count': 1, 'avg_confluence': np.float64(0.0529281037708206), 'media_consumed': 65.0, 'run_id': 38}, {'day': 2, 'total_cells': np.float64(2001952.398040295), 'flask_count': 1, 'avg_confluence': np.float64(0.0800780959216118), 'media_consumed': 65.0, 'run_id': 38}, {'day': 3, 'total_cells': np.float64(3021774.3890790907), 'flask_count': 1, 'avg_confluence': np.float64(0.12087097556316363), 'media_consumed': 65.0, 'run_id': 38}, {'day': 4, 'total_cells': np.float64(4536876.127772516), 'flask_count': 1, 'avg_confluence': np.float64(0.18147504511090062), 'media_consumed': 65.0, 'run_id': 38}, {'day': 5, 'total_cells': np.float64(6731016.542038325), 'flask_count': 1, 'avg_confluence': np.float64(0.269240661681533), 'media_consumed': 65.0, 'run_id': 38}, {'day': 6, 'total_cells': np.float64(9732864.88149205), 'flask_count': 1, 'avg_confluence': np.float64(0.38931459525968204), 'media_consumed': 65.0, 'run_id': 38}, {'day': 7, 'total_cells': np.float64(13368554.164913207), 'flask_count': 1, 'avg_confluence': np.float64(0.5347421665965283), 'media_consumed': 65.0, 'run_id': 38}]"
39,7,10,4,4000000.0,4.0,0.2857142857142857,False,False,,0.08,3,[],[],"[{'day': 1, 'total_cells': np.float64(1423212.1497071953), 'flask_count': 1, 'avg_confluence': np.float64(0.056928485988287814), 'media_consumed': 65.0, 'run_id': 39}, {'day': 2, 'total_cells': np.float64(2152648.003873749), 'flask_count': 1, 'avg_confluence': np.float64(0.08610592015494997), 'media_consumed': 65.0, 'run_id': 39}, {'day': 3, 'total_cells': np.float64(3247122.0050126496), 'flask_count': 1, 'avg_confluence': np.float64(0.12988488020050598), 'media_consumed': 65.0, 'run_id': 39}, {'day': 4, 'total_cells': np.float64(4868056.425716309), 'flask_count': 1, 'avg_confluence': np.float64(0.19472225702865237), 'media_consumed': 65.0, 'run_id': 39}, {'day': 5, 'total_cells': np.float64(7199012.036185168), 'flask_count': 1, 'avg_confluence': np.float64(0.2879604814474067), 'media_consumed': 65.0, 'run_id': 39}, {'day': 6, 'total_cells': np.float64(10339254.561102085), 'flask_count': 1, 'avg_confluence': np.float64(0.4135701824440834), 'media_consumed': 65.0, 'run_id': 39}, {'day': 7, 'total_cells': np.float64(14022872.401245039), 'flask_count': 1, 'avg_confluence': np.float64(0.5609148960498016), 'media_consumed': 65.0, 'run_id': 39}]"
40,7,10,4,4000000.0,4.0,0.2857142857142857,False,False,,0.08,3,[],[],"[{'day': 1, 'total_cells': np.float64(1539017.2149022652), 'flask_count': 1, 'avg_confluence': np.float64(0.06156068859609061), 'media_consumed': 65.0, 'run_id': 40}, {'day': 2, 'total_cells': np.float64(2326976.2856850023), 'flask_count': 1, 'avg_confluence': np.float64(0.0930790514274001), 'media_consumed': 65.0, 'run_id': 40}, {'day': 3, 'total_cells': np.float64(3507235.4366804482), 'flask_count': 1, 'avg_confluence': np.float64(0.14028941746721793), 'media_consumed': 65.0, 'run_id': 40}, {'day': 4, 'total_cells': np.float64(5248420.199225921), 'flask_count': 1, 'avg_confluence': np.float64(0.20993680796903685), 'media_consumed': 65.0, 'run_id': 40}, {'day': 5, 'total_cells': np.float64(7730514.085860799), 'flask_count': 1, 'avg_confluence': np.float64(0.30922056343443194), 'media_consumed': 65.0, 'run_id': 40}, {'day': 6, 'total_cells': np.float64(11011377.748710336), 'flask_count': 1, 'avg_confluence': np.float64(0.44045510994841347), 'media_consumed': 65.0, 'run_id': 40}, {'day': 7, 'total_cells': np.float64(14713284.401878877), 'flask_count': 1, 'avg_confluence': np.float64(0.588531376075155), 'media_consumed': 65.0, 'run_id': 40}]"
41,7,10,5,5000000.0,5.0,0.3333333333333333,False,False,,0.08,3,[],[],"[{'day': 1, 'total_cells': np.float64(1683108.8061222434), 'flask_count': 1, 'avg_confluence': np.float64(0.06732435224488974), 'media_consumed': 65.0, 'run_id': 41}, {'day': 2, 'total_cells': np.float64(2543612.9538210235), 'flask_count': 1, 'avg_confluence': np.float64(0.10174451815284094), 'media_consumed': 65.0, 'run_id': 41}, {'day': 3, 'total_cells': np.float64(3829548.237253854), 'flask_count': 1, 'avg_confluence': np.float64(0.15318192949015416), 'media_consumed': 65.0, 'run_id': 41}, {'day': 4, 'total_cells': np.float64(5716674.119128981), 'flask_count': 1, 'avg_confluence': np.float64(0.22866696476515921), 'media_consumed': 65.0, 'run_id': 41}, {'day': 5, 'total_cells': np.float64(8375384.982575059), 'flask_count': 1, 'avg_confluence': np.float64(0.33501539930300234), 'media_consumed': 65.0, 'run_id': 41}, {'day': 6, 'total_cells': np.float64(11801799.072449531), 'flask_count': 1, 'avg_confluence': np.float64(0.47207196289798126), 'media_consumed': 65.0, 'run_id': 41}, {'day': 7, 'total_cells': np.float64(15476541.468890442), 'flask_count': 1, 'avg_confluence': np.float64(0.6190616587556177), 'media_consumed': 65.0, 'run_id': 41}]"
42,7,10,3,3000000.0,3.0,0.23076923076923078,False,False,,0.08,3,[],[],"[{'day': 1, 'total_cells': np.float64(1391049.0801423406), 'flask_count': 1, 'avg_confluence': np.float64(0.055641963205693624), 'media_consumed': 65.0, 'run_id': 42}, {'day': 2, 'total_cells': np.float64(2104198.4837175533), 'flask_count': 1, 'avg_confluence': np.float64(0.08416793934870213), 'media_consumed': 65.0, 'run_id': 42}, {'day': 3, 'total_cells': np.float64(3174719.919585616), 'flask_count': 1, 'avg_confluence': np.float64(0.12698879678342465), 'media_consumed': 65.0, 'run_id': 42}, {'day': 4, 'total_cells': np.float64(4761813.277538015), 'flask_count': 1, 'avg_confluence': np.float64(0.19047253110152057), 'media_consumed': 65.0, 'run_id': 42}, {'day': 5, 'total_cells': np.float64(7049391.604490948), 'flask_count': 1, 'avg_confluence': np.float64(0.28197566417963793), 'media_consumed': 65.0, 'run_id': 42}, {'day': 6, 'total_cells': np.float64(10146834.86929849), 'flask_count': 1, 'avg_confluence': np.float64(0.40587339477193957), 'media_consumed': 65.0, 'run_id': 42}, {'day': 7, 'total_cells': np.float64(13818417.314844437), 'flask_count': 1, 'avg_confluence': np.float64(0.5527366925937774), 'media_consumed': 65.0, 'run_id': 42}]"
43,7,10,5,5000000.0,5.0,0.3333333333333333,False,False,,0.08,3,[],[],"[{'day': 1, 'total_cells': np.float64(1634461.4271983027), 'flask_count': 1, 'avg_confluence': np.float64(0.06537845708793211), 'media_consumed': 65.0, 'run_id': 43}, {'day': 2, 'total_cells': np.float64(2470508.6962219235), 'flask_count': 1, 'avg_confluence': np.float64(0.09882034784887694), 'media_consumed': 65.0, 'run_id': 43}, {'day': 3, 'total_cells': np.float64(3720903.600550579), 'flask_count': 1, 'avg_confluence': np.float64(0.14883614402202316), 'media_consumed': 65.0, 'run_id': 43}, {'day': 4, 'total_cells': np.float64(5559230.9920374835), 'flask_count': 1, 'avg_confluence': np.float64(0.22236923968149935), 'media_consumed': 65.0, 'run_id': 43}, {'day': 5, 'total_cells': np.float64(8159765.857636223), 'flask_count': 1, 'avg_confluence': np.float64(0.3263906343054489), 'media_consumed': 65.0, 'run_id': 43}, {'day': 6, 'total_cells': np.float64(11540670.071918925), 'flask_count': 1, 'avg_confluence': np.float64(0.461626802876757), 'media_consumed': 65.0, 'run_id': 43}, {'day': 7, 'total_cells': np.float64(15230321.46842461), 'flask_count': 1, 'avg_confluence': np.float64(0.6092128587369844), 'media_consumed': 65.0, 'run_id': 43}]"
44,7,0,5,5000000.0,5.0,1.0,False,True,QC FAILURE: Sterility Test (7 days) - flask_t75_sample,0.08,3,[],[],"[{'day': 1, 'total_cells': np.float64(1780553.1348653103), 'flask_count': 1, 'avg_confluence': np.float64(0.07122212539461241), 'media_consumed': 65.0, 'run_id': 44}, {'day': 2, 'total_cells': np.float64(2689932.4326018714), 'flask_count': 1, 'avg_confluence': np.float64(0.10759729730407486), 'media_consumed': 65.0, 'run_id': 44}, {'day': 3, 'total_cells': np.float64(4046617.059515838), 'flask_count': 1, 'avg_confluence': np.float64(0.16186468238063353), 'media_consumed': 65.0, 'run_id': 44}, {'day': 4, 'total_cells': np.float64(6029981.874528184), 'flask_count': 1, 'avg_confluence': np.float64(0.24119927498112734), 'media_consumed': 65.0, 'run_id': 44}, {'day': 5, 'total_cells': np.float64(8800665.621997973), 'flask_count': 1, 'avg_confluence': np.float64(0.3520266248799189), 'media_consumed': 65.0, 'run_id': 44}, {'day': 6, 'total_cells': np.float64(12307237.556984508), 'flask_count': 1, 'avg_confluence': np.float64(0.49228950227938034), 'media_consumed': 65.0, 'run_id': 44}, {'day': 7, 'total_cells': np.float64(15936168.767313438), 'flask_count': 1, 'avg_confluence': np.float64(0.6374467506925375), 'media_consumed': 65.0, 'run_id': 44}]"
45,7,10,4,4000000.0,4.0,0.2857142857142857,False,False,,0.08,3,[],[],"[{'day': 1, 'total_cells': np.float64(1444986.946530693), 'flask_count': 1, 'avg_confluence': np.float64(0.057799477861227716), 'media_consumed': 65.0, 'run_id': 45}, {'day': 2, 'total_cells': np.float64(2185441.0737170014), 'flask_count': 1, 'avg_confluence': np.float64(0.08741764294868005), 'media_consumed': 65.0, 'run_id': 45}, {'day': 3, 'total_cells': np.float64(3296100.541770627), 'flask_count': 1, 'avg_confluence': np.float64(0.13184402167082507), 'media_consumed': 65.0, 'run_id': 45}, {'day': 4, 'total_cells': np.float64(4939838.34898379), 'flask_count': 1, 'avg_confluence': np.float64(0.19759353395935159), 'media_consumed': 65.0, 'run_id': 45}, {'day': 5, 'total_cells': np.float64(7299819.6826523375), 'flask_count': 1, 'avg_confluence': np.float64(0.2919927873060935), 'media_consumed': 65.0, 'run_id': 45}, {'day': 6, 'total_cells': np.float64(10468115.020947885), 'flask_count': 1, 'avg_confluence': np.float64(0.4187246008379154), 'media_consumed': 65.0, 'run_id': 45}, {'day': 7, 'total_cells': np.float64(14158118.282232128), 'flask_count': 1, 'avg_confluence': np.float64(0.5663247312892852), 'media_consumed': 65.0, 'run_id': 45}]"
46,7,10,5,5000000.0,5.0,0.3333333333333333,False,False,,0.08,3,[],[],"[{'day': 1, 'total_cells': np.float64(1658132.9087638466), 'flask_count': 1, 'avg_confluence': np.float64(0.06632531635055386), 'media_consumed': 65.0, 'run_id': 46}, {'day': 2, 'total_cells': np.float64(2506085.341390441), 'flask_count': 1, 'avg_confluence': np.float64(0.10024341365561765), 'media_consumed': 65.0, 'run_id': 46}, {'day': 3, 'total_cells': np.float64(3773791.845143487), 'flask_count': 1, 'avg_confluence': np.float64(0.15095167380573948), 'media_consumed': 65.0, 'run_id': 46}, {'day': 4, 'total_cells': np.float64(5635925.69722552), 'flask_count': 1, 'avg_confluence': np.float64(0.2254370278890208), 'media_consumed': 65.0, 'run_id': 46}, {'day': 5, 'total_cells': np.float64(8264955.798469115), 'flask_count': 1, 'avg_confluence': np.float64(0.3305982319387646), 'media_consumed': 65.0, 'run_id': 46}, {'day': 6, 'total_cells': np.float64(11668464.855724575), 'flask_count': 1, 'avg_confluence': np.float64(0.466738594228983), 'media_consumed': 65.0, 'run_id': 46}, {'day': 7, 'total_cells': np.float64(15351558.851278396), 'flask_count': 1, 'avg_confluence': np.float64(0.6140623540511359), 'media_consumed': 65.0, 'run_id': 46}]"
47,7,10,4,4000000.0,4.0,0.2857142857142857,False,False,,0.08,3,[],[],"[{'day': 1, 'total_cells': np.float64(1542083.8571695173), 'flask_count': 1, 'avg_confluence': np.float64(0.06168335428678069), 'media_consumed': 65.0, 'run_id': 47}, {'day': 2, 'total_cells': np.float64(2331590.1079198206), 'flask_count': 1, 'avg_confluence': np.float64(0.09326360431679283), 'media_consumed': 65.0, 'run_id': 47}, {'day': 3, 'total_cells': np.float64(3514110.8901839955), 'flask_count': 1, 'avg_confluence': np.float64(0.14056443560735982), 'media_consumed': 65.0, 'run_id': 47}, {'day': 4, 'total_cells': np.float64(5258445.065471377), 'flask_count': 1, 'avg_confluence': np.float64(0.2103378026188551), 'media_consumed': 65.0, 'run_id': 47}, {'day': 5, 'total_cells': np.float64(7744431.765019285), 'flask_count': 1, 'avg_confluence': np.float64(0.30977727060077137), 'media_consumed': 65.0, 'run_id': 47}, {'day': 6, 'total_cells': np.float64(11028732.20838105), 'flask_count': 1, 'avg_confluence': np.float64(0.441149288335242), 'media_consumed': 65.0, 'run_id': 47}, {'day': 7, 'total_cells': np.float64(14730613.902977088), 'flask_count': 1, 'avg_confluence': np.float64(0.5892245561190835), 'media_consumed': 65.0, 'run_id': 47}]"
48,7,10,4,4000000.0,4.0,0.2857142857142857,False,False,,0.08,3,[],[],"[{'day': 1, 'total_cells': np.float64(1501162.3749050815), 'flask_count': 1, 'avg_confluence': np.float64(0.06004649499620326), 'media_consumed': 65.0, 'run_id': 48}, {'day': 2, 'total_cells': np.float64(2270011.8101283703), 'flask_count': 1, 'avg_confluence': np.float64(0.09080047240513481), 'media_consumed': 65.0, 'run_id': 48}, {'day': 3, 'total_cells': np.float64(3422309.8218431384), 'flask_count': 1, 'avg_confluence': np.float64(0.13689239287372554), 'media_consumed': 65.0, 'run_id': 48}, {'day': 4, 'total_cells': np.float64(5124467.389557278), 'flask_count': 1, 'avg_confluence': np.float64(0.20497869558229112), 'media_consumed': 65.0, 'run_id': 48}, {'day': 5, 'total_cells': np.float64(7558038.23586943), 'flask_count': 1, 'avg_confluence': np.float64(0.3023215294347772), 'media_consumed': 65.0, 'run_id': 48}, {'day': 6, 'total_cells': np.float64(10795258.643668767), 'flask_count': 1, 'avg_confluence': np.float64(0.4318103457467507), 'media_consumed': 65.0, 'run_id': 48}, {'day': 7, 'total_cells': np.float64(14495362.326911805), 'flask_count': 1, 'avg_confluence': np.float64(0.5798144930764723), 'media_consumed': 65.0, 'run_id': 48}]"
49,7,10,5,5000000.0,5.0,0.3333333333333333,False,False,,0.08,3,[],[],"[{'day': 1, 'total_cells': np.float64(1637379.2058951529), 'flask_count': 1, 'avg_confluence': np.float64(0.06549516823580612), 'media_consumed': 65.0, 'run_id': 49}, {'day': 2, 'total_cells': np.float64(2474894.389685084), 'flask_count': 1, 'avg_confluence': np.float64(0.09899577558740337), 'media_consumed': 65.0, 'run_id': 49}, {'day': 3, 'total_cells': np.float64(3727424.962201506), 'flask_count': 1, 'avg_confluence': np.float64(0.14909699848806024), 'media_consumed': 65.0, 'run_id': 49}, {'day': 4, 'total_cells': np.float64(5568693.018006097), 'flask_count': 1, 'avg_confluence': np.float64(0.22274772072024387), 'media_consumed': 65.0, 'run_id': 49}, {'day': 5, 'total_cells': np.float64(8172759.332522501), 'flask_count': 1, 'avg_confluence': np.float64(0.32691037330090006), 'media_consumed': 65.0, 'run_id': 49}, {'day': 6, 'total_cells': np.float64(11556497.070086183), 'flask_count': 1, 'avg_confluence': np.float64(0.4622598828034473), 'media_consumed': 65.0, 'run_id': 49}, {'day': 7, 'total_cells': np.float64(15245412.929769412), 'flask_count': 1, 'avg_confluence': np.float64(0.6098165171907765), 'media_consumed': 65.0, 'run_id': 49}]"
