,gene_id,Chromosome,sgRNA,LHS_probe,RHS_probe,Start,End
0,nontargeting,0,ATTCAGCGCGCTCGCCCTGG,GGGCGAGCGCGCTGAATCAACAAGG,TGCGAGACGGGTATGTTGGCCGGTT,,
1,nontargeting,0,TGAATCGTAACCTCGCCATT,GGCGAGGTTACGATTCACAACAAGG,TGCGAGACGGGTATGTTGGCCGGTT,,
2,nontargeting,0,CATAGGTCCCTAGCAACTCC,GTTGCTAGGGACCTATGCAACAAGG,TGCGAGACGGGTATGTTGGCCGGTT,,
3,nontargeting,0,GTATACAACATCGACGTGGG,ACGTCGATGTTGTATACCAACAAGG,TGCGAGACGGGTATGTTGGCCGGTT,,
4,nontargeting,0,CGGAGTTAACCTGGAACCTT,GTTCCAGGTTAACTCCGCAACAAGG,TGCGAGACGGGTATGTTGGCCGGTT,,
5,nontargeting,0,CGTGCGGTAAATACGAAATA,TTCGTATTTACCGCACGCAACAAGG,TGCGAGACGGGTATGTTGGCCGGTT,,
6,nontargeting,0,CGCACATCTAAAGTTACTAC,GTAACTTTAGATGTGCGCAACAAGG,TGCGAGACGGGTATGTTGGCCGGTT,,
7,nontargeting,0,GTACGCAAACGCCCTTTGGG,AAAGGGCGTTTGCGTACCAACAAGG,TGCGAGACGGGTATGTTGGCCGGTT,,
8,nontargeting,0,GTCCCTAGCTGAAGGACCGG,GTCCTTCAGCTAGGGACCAACAAGG,TGCGAGACGGGTATGTTGGCCGGTT,,
9,nontargeting,0,AGCGATCTGGACACTCTCCA,AGAGTGTCCAGATCGCTCAACAAGG,TGCGAGACGGGTATGTTGGCCGGTT,,
10,nontargeting,0,CCCGCTAACAGCCTAGATCA,TCTAGGCTGTTAGCGGGCAACAAGG,TGCGAGACGGGTATGTTGGCCGGTT,,
11,nontargeting,0,ATAGCGGATGTCCTTGGAAA,CCAAGGACATCCGCTATCAACAAGG,TGCGAGACGGGTATGTTGGCCGGTT,,
12,nontargeting,0,CAGCGCCGAAACTCTTTCCG,AAAGAGTTTCGGCGCTGCAACAAGG,TGCGAGACGGGTATGTTGGCCGGTT,,
13,nontargeting,0,TAGGAGCTGTATCTAGTGGC,ACTAGATACAGCTCCTACAACAAGG,TGCGAGACGGGTATGTTGGCCGGTT,,
14,nontargeting,0,CGACGGTAATGCACCTACTA,TAGGTGCATTACCGTCGCAACAAGG,TGCGAGACGGGTATGTTGGCCGGTT,,
15,nontargeting,0,CGTGTGTGGGTAAACGGAAA,CCGTTTACCCACACACGCAACAAGG,TGCGAGACGGGTATGTTGGCCGGTT,,
16,nontargeting,0,CAATATCGGGTGCTACAGGA,TGTAGCACCCGATATTGCAACAAGG,TGCGAGACGGGTATGTTGGCCGGTT,,
17,nontargeting,0,GCCCCTTATGATTGTTATAG,TAACAATCATAAGGGGCCAACAAGG,TGCGAGACGGGTATGTTGGCCGGTT,,
18,nontargeting,0,CTCGCACCATTGAGGGTAGT,ACCCTCAATGGTGCGAGCAACAAGG,TGCGAGACGGGTATGTTGGCCGGTT,,
19,nontargeting,0,CAGGGTTGCGCAGAGGACTC,TCCTCTGCGCAACCCTGCAACAAGG,TGCGAGACGGGTATGTTGGCCGGTT,,
20,nontargeting,0,GGGCCCGCATAGGATATCGC,ATATCCTATGCGGGCCCCAACAAGG,TGCGAGACGGGTATGTTGGCCGGTT,,
21,nontargeting,0,CCATATCGGGGCGAGACATG,GTCTCGCCCCGATATGGCAACAAGG,TGCGAGACGGGTATGTTGGCCGGTT,,
22,nontargeting,0,CAAAAGTCTCGCTTGGTCCT,ACCAAGCGAGACTTTTGCAACAAGG,TGCGAGACGGGTATGTTGGCCGGTT,,
23,nontargeting,0,ATCCTAGGTACAAAAGGACG,CCTTTTGTACCTAGGATCAACAAGG,TGCGAGACGGGTATGTTGGCCGGTT,,
24,nontargeting,0,CGTTAAGACTAGCTCGGTTT,CCGAGCTAGTCTTAACGCAACAAGG,TGCGAGACGGGTATGTTGGCCGGTT,,
25,nontargeting,0,CCGCTATTGAAACCGCCCAC,GGCGGTTTCAATAGCGGCAACAAGG,TGCGAGACGGGTATGTTGGCCGGTT,,
26,nontargeting,0,GGTAATTGCGGAATCGTCCG,ACGATTCCGCAATTACCCAACAAGG,TGCGAGACGGGTATGTTGGCCGGTT,,
27,nontargeting,0,GTCTCGTGCAACCTGCGCGT,CGCAGGTTGCACGAGACCAACAAGG,TGCGAGACGGGTATGTTGGCCGGTT,,
28,nontargeting,0,ATTAGCCGTTGCCATATCAA,ATATGGCAACGGCTAATCAACAAGG,TGCGAGACGGGTATGTTGGCCGGTT,,
29,nontargeting,0,CGGGGAATTGCACGGCGGAA,CGCCGTGCAATTCCCCGCAACAAGG,TGCGAGACGGGTATGTTGGCCGGTT,,
30,intergenic,1,TGGACCCAAATGCAGAACAG,TCTCCAGCCACTTCTCAGGATTCAG,GCATTTGGGTCCAGGTATTAAGATT,,
31,intergenic,1,GTAGGTAGATCAGAGCACAC,GAAATGGGAAGTACAGGGTGGCAGA,CTGATCTACCTACTTAGCGTTTTAG,,
32,intergenic,10,CCTTCACTTGACAAGACCTG,CTATAACAAATCCTCTGAGCAGCAC,GTCAAGTGAAGGTGAGGTCTTCACA,,
33,intergenic,10,GTTAAGACCTCAGATCCCAC,GGGCCTCTTCAACTAACAATGTAAT,CTGAGGTCTTAACAATCCTGCCCCT,,
34,intergenic,11,CAGCCCAGCTCCATCCAGAG,GTGAGGCCAGCCTTGCCTCTTCCTC,GGAGCTGGGCTGACCCACGTGTGTC,,
35,intergenic,11,AGCAATGTCTGGATGTACTG,TCTGGCATTCAAATCATTGCTAGAC,CCAGACATTGCTAGACCTCAGGCGC,,
36,intergenic,12,CAAACTCGTCTGCCTTCCAC,GAAAGACAATATATGCCAGAATCCC,GGCAGACGAGTTTGATTTGGAAAAA,,
37,intergenic,12,CTGCCTCAACTAGAAAGCCA,CCTTTGGAGGTGTTAGTGGCTACGG,CTAGTTGAGGCAGATCCAGCTTGTG,,
38,intergenic,13,GCAGTTTACTTCCCAAGTCT,TGGGTCATTCTGTGTACAGTAGAAG,GGGAAGTAAACTGCTGAGATAGAAA,,
39,intergenic,14,AGTTTCTCCCACCCAAATAA,GAGCCACCGCATCCGGCCGCTATTT,GGGTGGGAGAAACTTATCTAGAGAG,,
40,intergenic,14,GTATCTGTCAGGAGTGTGGG,CAGATACATGCTGTGGGCCTTCAGC,CCTGACAGATACACCATGAATGCTC,,
41,intergenic,15,AAGACAAACTTACCCAGCTG,GCGAGGCTGTTGGTCTCAAGTGGCC,AAGTTTGTCTTTGCTCCACTATGCG,,
42,intergenic,2,CCATCAGAAGACCAACAACA,TGACAAGTTCTCCCATTTTCAGTAG,GGTCTTCTGATGGAGAAATGTGTTG,,
43,intergenic,2,CCTGTGTAAGAAAGTCACAG,GGGACTCCCCGGCACCTTGTAAGGC,TTCTTACACAGGTCGGGTCATCAAG,,
44,intergenic,3,GGCTGGCTCTTCAACAGTGG,TCCTAAAGCAATCACTGGCTTAGGC,GAAGAGCCAGCCACTCTGACCACCG,,
45,intergenic,4,TTTGCCAGCCAAGTGAAAGG,GGTCAAGCACTCTGGCCCTGCTTCC,TGGCTGGCAAATCTCATATAGACTT,,
46,intergenic,4,TGATACCTGGCATGAGGAGG,GTCCTTAAACAGTGCATGTAATACC,GCCAGGTATCATGTTGGGGCCTGGA,,
47,intergenic,5,GTTACCCTGAACATTTAGGA,TACATACATAGGTCTTGGCCTCTGC,GTTCAGGGTAACATTTCCTTCTGGG,,
48,intergenic,5,TGGTTATGCTCACTGCAGGA,GCCTCATGAAGCAGTTAGGGAGGCC,GAGCATAACCACAGCGGTGTCCCCG,,
49,intergenic,6,GAGCCACTCTGAGTTTCCAA,TTTGTAAATCTGTAGCTGCTCTACC,CAGAGTGGCTCAGGCAGGAGGTTGG,,
50,intergenic,6,GCACACGGTCCACCAGCCCA,GGGATGGTGGCTGTAGAGTGGGACC,GGACCGTGTGCTCTTTGGGCCCAGG,,
51,intergenic,7,AGATGACAGACAACAGGAAG,GTCTGCGCACTTACATGCTCTGGGC,TGTCTGTCATCTGCTACATGTCAAA,,
52,intergenic,7,GATGGTGCCAACAAGGGGCT,ACGTCATCTCTCACTGTTTCAAAGC,GTTGGCACCATCCCAGGCAATGAGT,,
53,intergenic,8,GCCGACACCTCAGCAGGATG,GTAAACGTGTCTCTAATGCTGTCCC,GAGGTGTCGGCATTCAGACAGAGGG,,
54,intergenic,8,ATGGAGACATAAGTGGGTGA,AACTCCAATCTTCCTATGACAGACC,TATGTCTCCATGCCCCTCACTCACT,,
55,intergenic,9,CCATCCGAGCCCCAATTCAG,TGTCCAGTATGTGGGCAAAACAGCT,GGGGCTCGGATGGTTGATATTTAGC,,
56,intergenic,9,GTATGCTCAGTCACAACTGG,ATGTTGCTTGCTTCTGAATTTGGAC,GACTGAGCATACATATTGCTCTCAA,,
57,intergenic,X,CTAACCAATGGAAACAGCTG,GGGACCCCAATCCCAATTGCTGTCC,TCCATTGGTTAGATGCCAAAATCAC,,
58,intergenic,X,CCTGATGTCCTTGTAAGACG,GCTACAGTTCATGCCCCAAGAGGGG,ACAAGGACATCAGGCCTACACTTGC,,
59,intergenic,7,GTTAGAGAGCACATTTCTCA,AGCCACCTTAGAGAGACCTCTGTAC,GTGCTCTCTAACCCTGTAACAATTT,,
